financial_year,state,loan_type,housing_finance
2004-05,Total Australia,owner_occupier,20433.8
2004-05,New South Wales,owner_occupier,6743.6
2004-05,Victoria,owner_occupier,4690.2
2004-05,Queensland,owner_occupier,4284.8
2004-05,South Australia,owner_occupier,1396.1
2004-05,Western Australia,owner_occupier,2456.8
2004-05,Tasmania,owner_occupier,312.5
2004-05,Northern Territory,owner_occupier,230.7
2004-05,Australian Capital Territory,owner_occupier,323.6
2004-05,Total Australia,owner_occupier,21360.1
2004-05,New South Wales,owner_occupier,6959.1
2004-05,Victoria,owner_occupier,4887.5
2004-05,Queensland,owner_occupier,4518.6
2004-05,South Australia,owner_occupier,1550.5
2004-05,Western Australia,owner_occupier,2551.7
2004-05,Tasmania,owner_occupier,326.7
2004-05,Northern Territory,owner_occupier,256.3
2004-05,Australian Capital Territory,owner_occupier,328
2004-05,Total Australia,owner_occupier,20357.3
2004-05,New South Wales,owner_occupier,6208.4
2004-05,Victoria,owner_occupier,4581.7
2004-05,Queensland,owner_occupier,4668.7
2004-05,South Australia,owner_occupier,1546.5
2004-05,Western Australia,owner_occupier,2507.6
2004-05,Tasmania,owner_occupier,353.6
2004-05,Northern Territory,owner_occupier,225.3
2004-05,Australian Capital Territory,owner_occupier,317.7
2004-05,Total Australia,owner_occupier,22708.6
2004-05,New South Wales,owner_occupier,6987.2
2004-05,Victoria,owner_occupier,5480.5
2004-05,Queensland,owner_occupier,4814.6
2004-05,South Australia,owner_occupier,1606.6
2004-05,Western Australia,owner_occupier,2851.7
2004-05,Tasmania,owner_occupier,380.4
2004-05,Northern Territory,owner_occupier,268.7
2004-05,Australian Capital Territory,owner_occupier,363.7
2005-06,Total Australia,owner_occupier,23310
2005-06,New South Wales,owner_occupier,7368
2005-06,Victoria,owner_occupier,5288.3
2005-06,Queensland,owner_occupier,4984.5
2005-06,South Australia,owner_occupier,1576
2005-06,Western Australia,owner_occupier,3079.4
2005-06,Tasmania,owner_occupier,362.1
2005-06,Northern Territory,owner_occupier,316.9
2005-06,Australian Capital Territory,owner_occupier,363
2005-06,Total Australia,owner_occupier,24610.6
2005-06,New South Wales,owner_occupier,7548.2
2005-06,Victoria,owner_occupier,5641
2005-06,Queensland,owner_occupier,5398.4
2005-06,South Australia,owner_occupier,1695.2
2005-06,Western Australia,owner_occupier,3267.1
2005-06,Tasmania,owner_occupier,375.5
2005-06,Northern Territory,owner_occupier,338.6
2005-06,Australian Capital Territory,owner_occupier,395.4
2005-06,Total Australia,owner_occupier,23415.9
2005-06,New South Wales,owner_occupier,6728.9
2005-06,Victoria,owner_occupier,5026.1
2005-06,Queensland,owner_occupier,5495.7
2005-06,South Australia,owner_occupier,1687.8
2005-06,Western Australia,owner_occupier,3445.1
2005-06,Tasmania,owner_occupier,441.1
2005-06,Northern Territory,owner_occupier,313.7
2005-06,Australian Capital Territory,owner_occupier,358.4
2005-06,Total Australia,owner_occupier,26503.5
2005-06,New South Wales,owner_occupier,8242.8
2005-06,Victoria,owner_occupier,5599.2
2005-06,Queensland,owner_occupier,5810.5
2005-06,South Australia,owner_occupier,1893.7
2005-06,Western Australia,owner_occupier,3858.7
2005-06,Tasmania,owner_occupier,427.7
2005-06,Northern Territory,owner_occupier,312.4
2005-06,Australian Capital Territory,owner_occupier,392.7
2006-07,Total Australia,owner_occupier,26250.4
2006-07,New South Wales,owner_occupier,7634.4
2006-07,Victoria,owner_occupier,5760.3
2006-07,Queensland,owner_occupier,6063.8
2006-07,South Australia,owner_occupier,1862.1
2006-07,Western Australia,owner_occupier,3822.2
2006-07,Tasmania,owner_occupier,449.1
2006-07,Northern Territory,owner_occupier,282.9
2006-07,Australian Capital Territory,owner_occupier,449.7
2006-07,Total Australia,owner_occupier,26034.2
2006-07,New South Wales,owner_occupier,7602.4
2006-07,Victoria,owner_occupier,5929.8
2006-07,Queensland,owner_occupier,6207.1
2006-07,South Australia,owner_occupier,1867.8
2006-07,Western Australia,owner_occupier,3315.1
2006-07,Tasmania,owner_occupier,426.1
2006-07,Northern Territory,owner_occupier,260.2
2006-07,Australian Capital Territory,owner_occupier,511
2006-07,Total Australia,owner_occupier,25206.9
2006-07,New South Wales,owner_occupier,7054.8
2006-07,Victoria,owner_occupier,5475.6
2006-07,Queensland,owner_occupier,6568
2006-07,South Australia,owner_occupier,1852.6
2006-07,Western Australia,owner_occupier,3204.5
2006-07,Tasmania,owner_occupier,434.6
2006-07,Northern Territory,owner_occupier,251.1
2006-07,Australian Capital Territory,owner_occupier,475.6
2006-07,Total Australia,owner_occupier,30241.2
2006-07,New South Wales,owner_occupier,8992.8
2006-07,Victoria,owner_occupier,6667.8
2006-07,Queensland,owner_occupier,7347.7
2006-07,South Australia,owner_occupier,2052.1
2006-07,Western Australia,owner_occupier,3900.9
2006-07,Tasmania,owner_occupier,523
2006-07,Northern Territory,owner_occupier,244.3
2006-07,Australian Capital Territory,owner_occupier,586.9
2007-08,Total Australia,owner_occupier,29661.9
2007-08,New South Wales,owner_occupier,8492.6
2007-08,Victoria,owner_occupier,6629.4
2007-08,Queensland,owner_occupier,7383.3
2007-08,South Australia,owner_occupier,2013.2
2007-08,Western Australia,owner_occupier,3945.7
2007-08,Tasmania,owner_occupier,481.9
2007-08,Northern Territory,owner_occupier,252.5
2007-08,Australian Capital Territory,owner_occupier,554.3
2007-08,Total Australia,owner_occupier,30200.7
2007-08,New South Wales,owner_occupier,8937.4
2007-08,Victoria,owner_occupier,6953.3
2007-08,Queensland,owner_occupier,7278.7
2007-08,South Australia,owner_occupier,2150.2
2007-08,Western Australia,owner_occupier,3603.9
2007-08,Tasmania,owner_occupier,514.5
2007-08,Northern Territory,owner_occupier,285.3
2007-08,Australian Capital Territory,owner_occupier,570.1
2007-08,Total Australia,owner_occupier,24814
2007-08,New South Wales,owner_occupier,6883.4
2007-08,Victoria,owner_occupier,5772.5
2007-08,Queensland,owner_occupier,6122.9
2007-08,South Australia,owner_occupier,1763.4
2007-08,Western Australia,owner_occupier,3204.8
2007-08,Tasmania,owner_occupier,499.3
2007-08,Northern Territory,owner_occupier,199.1
2007-08,Australian Capital Territory,owner_occupier,472.6
2007-08,Total Australia,owner_occupier,23810.7
2007-08,New South Wales,owner_occupier,7208.7
2007-08,Victoria,owner_occupier,5740
2007-08,Queensland,owner_occupier,5175.6
2007-08,South Australia,owner_occupier,1694
2007-08,Western Australia,owner_occupier,2904.1
2007-08,Tasmania,owner_occupier,422.3
2007-08,Northern Territory,owner_occupier,234.5
2007-08,Australian Capital Territory,owner_occupier,495
2008-09,Total Australia,owner_occupier,22453.9
2008-09,New South Wales,owner_occupier,6601.3
2008-09,Victoria,owner_occupier,5447.5
2008-09,Queensland,owner_occupier,4871.1
2008-09,South Australia,owner_occupier,1635.1
2008-09,Western Australia,owner_occupier,2893.2
2008-09,Tasmania,owner_occupier,367
2008-09,Northern Territory,owner_occupier,230.6
2008-09,Australian Capital Territory,owner_occupier,480.3
2008-09,Total Australia,owner_occupier,25045
2008-09,New South Wales,owner_occupier,7287.4
2008-09,Victoria,owner_occupier,6054.1
2008-09,Queensland,owner_occupier,5554.5
2008-09,South Australia,owner_occupier,1868
2008-09,Western Australia,owner_occupier,3015.2
2008-09,Tasmania,owner_occupier,471.8
2008-09,Northern Territory,owner_occupier,315.7
2008-09,Australian Capital Territory,owner_occupier,590
2008-09,Total Australia,owner_occupier,27766.6
2008-09,New South Wales,owner_occupier,8191.3
2008-09,Victoria,owner_occupier,6168.1
2008-09,Queensland,owner_occupier,6597.2
2008-09,South Australia,owner_occupier,2057
2008-09,Western Australia,owner_occupier,3355.4
2008-09,Tasmania,owner_occupier,576.3
2008-09,Northern Territory,owner_occupier,317.1
2008-09,Australian Capital Territory,owner_occupier,619.2
2008-09,Total Australia,owner_occupier,33104.5
2008-09,New South Wales,owner_occupier,10242.4
2008-09,Victoria,owner_occupier,7539.8
2008-09,Queensland,owner_occupier,7313.4
2008-09,South Australia,owner_occupier,2251.6
2008-09,Western Australia,owner_occupier,4186.1
2008-09,Tasmania,owner_occupier,571.9
2008-09,Northern Territory,owner_occupier,336.5
2008-09,Australian Capital Territory,owner_occupier,732.3
2009-10,Total Australia,owner_occupier,32730.5
2009-10,New South Wales,owner_occupier,9794.8
2009-10,Victoria,owner_occupier,7889.2
2009-10,Queensland,owner_occupier,7071.7
2009-10,South Australia,owner_occupier,2159.1
2009-10,Western Australia,owner_occupier,4363.8
2009-10,Tasmania,owner_occupier,532.3
2009-10,Northern Territory,owner_occupier,311.1
2009-10,Australian Capital Territory,owner_occupier,679.4
2009-10,Total Australia,owner_occupier,32127.2
2009-10,New South Wales,owner_occupier,9336.7
2009-10,Victoria,owner_occupier,8141.8
2009-10,Queensland,owner_occupier,6694.2
2009-10,South Australia,owner_occupier,2063.2
2009-10,Western Australia,owner_occupier,4437.3
2009-10,Tasmania,owner_occupier,532.2
2009-10,Northern Territory,owner_occupier,311
2009-10,Australian Capital Territory,owner_occupier,694.1
2009-10,Total Australia,owner_occupier,24817.6
2009-10,New South Wales,owner_occupier,6617.5
2009-10,Victoria,owner_occupier,6651.1
2009-10,Queensland,owner_occupier,5388.3
2009-10,South Australia,owner_occupier,1660.4
2009-10,Western Australia,owner_occupier,3408.4
2009-10,Tasmania,owner_occupier,420.9
2009-10,Northern Territory,owner_occupier,242.9
2009-10,Australian Capital Territory,owner_occupier,539.6
2009-10,Total Australia,owner_occupier,25911.2
2009-10,New South Wales,owner_occupier,7887.3
2009-10,Victoria,owner_occupier,7170.3
2009-10,Queensland,owner_occupier,4959.4
2009-10,South Australia,owner_occupier,1678
2009-10,Western Australia,owner_occupier,3114.1
2009-10,Tasmania,owner_occupier,393.1
2009-10,Northern Territory,owner_occupier,223
2009-10,Australian Capital Territory,owner_occupier,526.5
2010-11,Total Australia,owner_occupier,25558.8
2010-11,New South Wales,owner_occupier,7644.2
2010-11,Victoria,owner_occupier,7383.1
2010-11,Queensland,owner_occupier,4889.3
2010-11,South Australia,owner_occupier,1636.4
2010-11,Western Australia,owner_occupier,2927
2010-11,Tasmania,owner_occupier,378.9
2010-11,Northern Territory,owner_occupier,212.1
2010-11,Australian Capital Territory,owner_occupier,538.3
2010-11,Total Australia,owner_occupier,27118.6
2010-11,New South Wales,owner_occupier,8344.7
2010-11,Victoria,owner_occupier,7641.2
2010-11,Queensland,owner_occupier,5113.5
2010-11,South Australia,owner_occupier,1763.1
2010-11,Western Australia,owner_occupier,3103.9
2010-11,Tasmania,owner_occupier,377.8
2010-11,Northern Territory,owner_occupier,218.7
2010-11,Australian Capital Territory,owner_occupier,594.5
2010-11,Total Australia,owner_occupier,22455.1
2010-11,New South Wales,owner_occupier,6717.1
2010-11,Victoria,owner_occupier,6331.9
2010-11,Queensland,owner_occupier,4076.6
2010-11,South Australia,owner_occupier,1505.6
2010-11,Western Australia,owner_occupier,2810.8
2010-11,Tasmania,owner_occupier,384
2010-11,Northern Territory,owner_occupier,194.6
2010-11,Australian Capital Territory,owner_occupier,483
2010-11,Total Australia,owner_occupier,25292.7
2010-11,New South Wales,owner_occupier,7997.7
2010-11,Victoria,owner_occupier,7065.2
2010-11,Queensland,owner_occupier,4344
2010-11,South Australia,owner_occupier,1578.6
2010-11,Western Australia,owner_occupier,3143.9
2010-11,Tasmania,owner_occupier,402.2
2010-11,Northern Territory,owner_occupier,203.5
2010-11,Australian Capital Territory,owner_occupier,572.6
2011-12,Total Australia,owner_occupier,24947.2
2011-12,New South Wales,owner_occupier,7728.7
2011-12,Victoria,owner_occupier,6977.1
2011-12,Queensland,owner_occupier,4600.8
2011-12,South Australia,owner_occupier,1557.7
2011-12,Western Australia,owner_occupier,2992.5
2011-12,Tasmania,owner_occupier,378.4
2011-12,Northern Territory,owner_occupier,206
2011-12,Australian Capital Territory,owner_occupier,532.3
2011-12,Total Australia,owner_occupier,26371.6
2011-12,New South Wales,owner_occupier,9058.8
2011-12,Victoria,owner_occupier,6689.1
2011-12,Queensland,owner_occupier,4732
2011-12,South Australia,owner_occupier,1558.6
2011-12,Western Australia,owner_occupier,3130.3
2011-12,Tasmania,owner_occupier,367.1
2011-12,Northern Territory,owner_occupier,235.3
2011-12,Australian Capital Territory,owner_occupier,563.6
2011-12,Total Australia,owner_occupier,22721.8
2011-12,New South Wales,owner_occupier,6557.5
2011-12,Victoria,owner_occupier,5944.3
2011-12,Queensland,owner_occupier,4630.2
2011-12,South Australia,owner_occupier,1387.5
2011-12,Western Australia,owner_occupier,3199.5
2011-12,Tasmania,owner_occupier,341.3
2011-12,Northern Territory,owner_occupier,237.2
2011-12,Australian Capital Territory,owner_occupier,478.3
2011-12,Total Australia,owner_occupier,25387.5
2011-12,New South Wales,owner_occupier,7362.9
2011-12,Victoria,owner_occupier,7012.4
2011-12,Queensland,owner_occupier,4878.9
2011-12,South Australia,owner_occupier,1490.6
2011-12,Western Australia,owner_occupier,3564.7
2011-12,Tasmania,owner_occupier,352.3
2011-12,Northern Territory,owner_occupier,250.9
2011-12,Australian Capital Territory,owner_occupier,521.3
2012-13,Total Australia,owner_occupier,25910
2012-13,New South Wales,owner_occupier,7482.4
2012-13,Victoria,owner_occupier,7055.6
2012-13,Queensland,owner_occupier,4977.2
2012-13,South Australia,owner_occupier,1461.6
2012-13,Western Australia,owner_occupier,3802.8
2012-13,Tasmania,owner_occupier,351.8
2012-13,Northern Territory,owner_occupier,269.5
2012-13,Australian Capital Territory,owner_occupier,554.9
2012-13,Total Australia,owner_occupier,27866
2012-13,New South Wales,owner_occupier,8146.4
2012-13,Victoria,owner_occupier,7442.8
2012-13,Queensland,owner_occupier,5376.1
2012-13,South Australia,owner_occupier,1564
2012-13,Western Australia,owner_occupier,4057
2012-13,Tasmania,owner_occupier,392.6
2012-13,Northern Territory,owner_occupier,314.2
2012-13,Australian Capital Territory,owner_occupier,622.8
2012-13,Total Australia,owner_occupier,24688.6
2012-13,New South Wales,owner_occupier,6694
2012-13,Victoria,owner_occupier,6496.7
2012-13,Queensland,owner_occupier,4907.1
2012-13,South Australia,owner_occupier,1513.6
2012-13,Western Australia,owner_occupier,4021.8
2012-13,Tasmania,owner_occupier,355.3
2012-13,Northern Territory,owner_occupier,247.2
2012-13,Australian Capital Territory,owner_occupier,526.6
2012-13,Total Australia,owner_occupier,29400.1
2012-13,New South Wales,owner_occupier,8544.1
2012-13,Victoria,owner_occupier,7696.3
2012-13,Queensland,owner_occupier,5393
2012-13,South Australia,owner_occupier,1780.1
2012-13,Western Australia,owner_occupier,4765.4
2012-13,Tasmania,owner_occupier,387.4
2012-13,Northern Territory,owner_occupier,268
2012-13,Australian Capital Territory,owner_occupier,602.6
2013-14,Total Australia,owner_occupier,29100.5
2013-14,New South Wales,owner_occupier,8445.9
2013-14,Victoria,owner_occupier,7433.9
2013-14,Queensland,owner_occupier,5669.4
2013-14,South Australia,owner_occupier,1759.6
2013-14,Western Australia,owner_occupier,4437.3
2013-14,Tasmania,owner_occupier,411.6
2013-14,Northern Territory,owner_occupier,286.6
2013-14,Australian Capital Territory,owner_occupier,717.4
2013-14,Total Australia,owner_occupier,32767.4
2013-14,New South Wales,owner_occupier,10050.1
2013-14,Victoria,owner_occupier,8239.8
2013-14,Queensland,owner_occupier,6259.5
2013-14,South Australia,owner_occupier,2004
2013-14,Western Australia,owner_occupier,4755.4
2013-14,Tasmania,owner_occupier,490.4
2013-14,Northern Territory,owner_occupier,307.5
2013-14,Australian Capital Territory,owner_occupier,688.2
2013-14,Total Australia,owner_occupier,28230.1
2013-14,New South Wales,owner_occupier,7803.2
2013-14,Victoria,owner_occupier,7078.4
2013-14,Queensland,owner_occupier,5826.9
2013-14,South Australia,owner_occupier,1751.3
2013-14,Western Australia,owner_occupier,4502.1
2013-14,Tasmania,owner_occupier,438.6
2013-14,Northern Territory,owner_occupier,280.5
2013-14,Australian Capital Territory,owner_occupier,633.5
2013-14,Total Australia,owner_occupier,31602
2013-14,New South Wales,owner_occupier,9228.2
2013-14,Victoria,owner_occupier,8158.9
2013-14,Queensland,owner_occupier,5944.9
2013-14,South Australia,owner_occupier,1942.6
2013-14,Western Australia,owner_occupier,4948.2
2013-14,Tasmania,owner_occupier,472.1
2013-14,Northern Territory,owner_occupier,310.1
2013-14,Australian Capital Territory,owner_occupier,647.4
2014-15,Total Australia,owner_occupier,31069.7
2014-15,New South Wales,owner_occupier,8945.7
2014-15,Victoria,owner_occupier,8096.7
2014-15,Queensland,owner_occupier,6271.4
2014-15,South Australia,owner_occupier,1857.9
2014-15,Western Australia,owner_occupier,4507.7
2014-15,Tasmania,owner_occupier,442.1
2014-15,Northern Territory,owner_occupier,332
2014-15,Australian Capital Territory,owner_occupier,688
2014-15,Total Australia,owner_occupier,33736.8
2014-15,New South Wales,owner_occupier,10243.4
2014-15,Victoria,owner_occupier,8813.1
2014-15,Queensland,owner_occupier,6480.4
2014-15,South Australia,owner_occupier,1995
2014-15,Western Australia,owner_occupier,4674.6
2014-15,Tasmania,owner_occupier,462.8
2014-15,Northern Territory,owner_occupier,348.7
2014-15,Australian Capital Territory,owner_occupier,760.4
2014-15,Total Australia,owner_occupier,29195.3
2014-15,New South Wales,owner_occupier,8538.7
2014-15,Victoria,owner_occupier,7507.4
2014-15,Queensland,owner_occupier,5895.1
2014-15,South Australia,owner_occupier,1835.6
2014-15,Western Australia,owner_occupier,4082.4
2014-15,Tasmania,owner_occupier,464.1
2014-15,Northern Territory,owner_occupier,252.4
2014-15,Australian Capital Territory,owner_occupier,686
2014-15,Total Australia,owner_occupier,32652.7
2014-15,New South Wales,owner_occupier,10080.7
2014-15,Victoria,owner_occupier,8793
2014-15,Queensland,owner_occupier,6212.6
2014-15,South Australia,owner_occupier,1865.9
2014-15,Western Australia,owner_occupier,4265.3
2014-15,Tasmania,owner_occupier,427.9
2014-15,Northern Territory,owner_occupier,262
2014-15,Australian Capital Territory,owner_occupier,765.6
2015-16,Total Australia,owner_occupier,36619.9
2015-16,New South Wales,owner_occupier,12380.4
2015-16,Victoria,owner_occupier,10090
2015-16,Queensland,owner_occupier,6691.2
2015-16,South Australia,owner_occupier,1973
2015-16,Western Australia,owner_occupier,4024.8
2015-16,Tasmania,owner_occupier,437
2015-16,Northern Territory,owner_occupier,238.1
2015-16,Australian Capital Territory,owner_occupier,718.1
2015-16,Total Australia,owner_occupier,39628.9
2015-16,New South Wales,owner_occupier,13506.5
2015-16,Victoria,owner_occupier,11324.6
2015-16,Queensland,owner_occupier,6871
2015-16,South Australia,owner_occupier,2140.5
2015-16,Western Australia,owner_occupier,4097.8
2015-16,Tasmania,owner_occupier,480.9
2015-16,Northern Territory,owner_occupier,261.2
2015-16,Australian Capital Territory,owner_occupier,879.4
2015-16,Total Australia,owner_occupier,31417.7
2015-16,New South Wales,owner_occupier,9814.4
2015-16,Victoria,owner_occupier,8957.6
2015-16,Queensland,owner_occupier,5987.6
2015-16,South Australia,owner_occupier,1839.2
2015-16,Western Australia,owner_occupier,3471
2015-16,Tasmania,owner_occupier,422.6
2015-16,Northern Territory,owner_occupier,231.4
2015-16,Australian Capital Territory,owner_occupier,717.3
2015-16,Total Australia,owner_occupier,36348.9
2015-16,New South Wales,owner_occupier,11797
2015-16,Victoria,owner_occupier,10388.1
2015-16,Queensland,owner_occupier,6622
2015-16,South Australia,owner_occupier,2167.3
2015-16,Western Australia,owner_occupier,3812.9
2015-16,Tasmania,owner_occupier,481.6
2015-16,Northern Territory,owner_occupier,218.2
2015-16,Australian Capital Territory,owner_occupier,858.9
2016-17,Total Australia,owner_occupier,34650.5
2016-17,New South Wales,owner_occupier,11254.3
2016-17,Victoria,owner_occupier,9477.5
2016-17,Queensland,owner_occupier,6864.7
2016-17,South Australia,owner_occupier,2015.7
2016-17,Western Australia,owner_occupier,3592.8
2016-17,Tasmania,owner_occupier,502
2016-17,Northern Territory,owner_occupier,208.7
2016-17,Australian Capital Territory,owner_occupier,728.4
2016-17,Total Australia,owner_occupier,38484.4
2016-17,New South Wales,owner_occupier,12829.1
2016-17,Victoria,owner_occupier,10812.9
2016-17,Queensland,owner_occupier,7270.3
2016-17,South Australia,owner_occupier,2147.4
2016-17,Western Australia,owner_occupier,3708.5
2016-17,Tasmania,owner_occupier,557.1
2016-17,Northern Territory,owner_occupier,245.3
2016-17,Australian Capital Territory,owner_occupier,891.4
2016-17,Total Australia,owner_occupier,33958.9
2016-17,New South Wales,owner_occupier,10865.5
2016-17,Victoria,owner_occupier,9711.9
2016-17,Queensland,owner_occupier,6488.3
2016-17,South Australia,owner_occupier,2022.4
2016-17,Western Australia,owner_occupier,3346.3
2016-17,Tasmania,owner_occupier,524.5
2016-17,Northern Territory,owner_occupier,215.5
2016-17,Australian Capital Territory,owner_occupier,806.4
2016-17,Total Australia,owner_occupier,38587.5
2016-17,New South Wales,owner_occupier,12876.8
2016-17,Victoria,owner_occupier,11226.4
2016-17,Queensland,owner_occupier,6955
2016-17,South Australia,owner_occupier,2174
2016-17,Western Australia,owner_occupier,3661.6
2016-17,Tasmania,owner_occupier,528.8
2016-17,Northern Territory,owner_occupier,219.3
2016-17,Australian Capital Territory,owner_occupier,918.4
2017-18,Total Australia,owner_occupier,39644.2
2017-18,New South Wales,owner_occupier,13523.6
2017-18,Victoria,owner_occupier,11779.4
2017-18,Queensland,owner_occupier,7097.6
2017-18,South Australia,owner_occupier,2000
2017-18,Western Australia,owner_occupier,3541.1
2017-18,Tasmania,owner_occupier,514.8
2017-18,Northern Territory,owner_occupier,216.2
2017-18,Australian Capital Territory,owner_occupier,906.1
2017-18,Total Australia,owner_occupier,42098.6
2017-18,New South Wales,owner_occupier,14065.2
2017-18,Victoria,owner_occupier,12840.6
2017-18,Queensland,owner_occupier,7431.1
2017-18,South Australia,owner_occupier,2220.9
2017-18,Western Australia,owner_occupier,3624.4
2017-18,Tasmania,owner_occupier,610.9
2017-18,Northern Territory,owner_occupier,235.9
2017-18,Australian Capital Territory,owner_occupier,1041
2017-18,Total Australia,owner_occupier,35180.8
2017-18,New South Wales,owner_occupier,11202.2
2017-18,Victoria,owner_occupier,10821
2017-18,Queensland,owner_occupier,6458
2017-18,South Australia,owner_occupier,1999.9
2017-18,Western Australia,owner_occupier,3123
2017-18,Tasmania,owner_occupier,531.9
2017-18,Northern Territory,owner_occupier,196.5
2017-18,Australian Capital Territory,owner_occupier,872
2017-18,Total Australia,owner_occupier,39388.4
2017-18,New South Wales,owner_occupier,13239.7
2017-18,Victoria,owner_occupier,11958
2017-18,Queensland,owner_occupier,6904.7
2017-18,South Australia,owner_occupier,2168.6
2017-18,Western Australia,owner_occupier,3307.4
2017-18,Tasmania,owner_occupier,599.5
2017-18,Northern Territory,owner_occupier,215.1
2017-18,Australian Capital Territory,owner_occupier,971.7
2018-19,Total Australia,owner_occupier,36983.1
2018-19,New South Wales,owner_occupier,12117
2018-19,Victoria,owner_occupier,11273.1
2018-19,Queensland,owner_occupier,6841.9
2018-19,South Australia,owner_occupier,2079.5
2018-19,Western Australia,owner_occupier,3014.5
2018-19,Tasmania,owner_occupier,581.1
2018-19,Northern Territory,owner_occupier,202.3
2018-19,Australian Capital Territory,owner_occupier,877.8
2018-19,Total Australia,owner_occupier,37810.2
2018-19,New South Wales,owner_occupier,12254.8
2018-19,Victoria,owner_occupier,11261.3
2018-19,Queensland,owner_occupier,6734.5
2018-19,South Australia,owner_occupier,2311.8
2018-19,Western Australia,owner_occupier,3281.7
2018-19,Tasmania,owner_occupier,686.6
2018-19,Northern Territory,owner_occupier,202.8
2018-19,Australian Capital Territory,owner_occupier,1123.1
2018-19,Total Australia,owner_occupier,29667.7
2018-19,New South Wales,owner_occupier,9081.5
2018-19,Victoria,owner_occupier,8911.9
2018-19,Queensland,owner_occupier,5547.5
2018-19,South Australia,owner_occupier,1961.6
2018-19,Western Australia,owner_occupier,2719.3
2018-19,Tasmania,owner_occupier,583.3
2018-19,Northern Territory,owner_occupier,166.4
2018-19,Australian Capital Territory,owner_occupier,770.9
2018-19,Total Australia,owner_occupier,32865.5
2018-19,New South Wales,owner_occupier,10715.7
2018-19,Victoria,owner_occupier,9895.3
2018-19,Queensland,owner_occupier,5801
2018-19,South Australia,owner_occupier,2041
2018-19,Western Australia,owner_occupier,2858.8
2018-19,Tasmania,owner_occupier,577.8
2018-19,Northern Territory,owner_occupier,199.7
2018-19,Australian Capital Territory,owner_occupier,799.5
2019-20,Total Australia,owner_occupier,35326.4
2019-20,New South Wales,owner_occupier,11645
2019-20,Victoria,owner_occupier,10543.2
2019-20,Queensland,owner_occupier,6491.4
2019-20,South Australia,owner_occupier,1998.7
2019-20,Western Australia,owner_occupier,3010.1
2019-20,Tasmania,owner_occupier,596.3
2019-20,Northern Territory,owner_occupier,171.5
2019-20,Australian Capital Territory,owner_occupier,870.2
2019-20,Total Australia,owner_occupier,42254.6
2019-20,New South Wales,owner_occupier,14564.7
2019-20,Victoria,owner_occupier,12666.8
2019-20,Queensland,owner_occupier,7395.8
2019-20,South Australia,owner_occupier,2331.2
2019-20,Western Australia,owner_occupier,3326.1
2019-20,Tasmania,owner_occupier,632.2
2019-20,Northern Territory,owner_occupier,187.1
2019-20,Australian Capital Territory,owner_occupier,1150.8
2019-20,Total Australia,owner_occupier,36331.7
2019-20,New South Wales,owner_occupier,11906.8
2019-20,Victoria,owner_occupier,11005.9
2019-20,Queensland,owner_occupier,6556
2019-20,South Australia,owner_occupier,2053.4
2019-20,Western Australia,owner_occupier,3136.8
2019-20,Tasmania,owner_occupier,598.2
2019-20,Northern Territory,owner_occupier,162.7
2019-20,Australian Capital Territory,owner_occupier,911.9
2019-20,Total Australia,owner_occupier,35659.2
2019-20,New South Wales,owner_occupier,12338.8
2019-20,Victoria,owner_occupier,10956
2019-20,Queensland,owner_occupier,5892.6
2019-20,South Australia,owner_occupier,2040.9
2019-20,Western Australia,owner_occupier,2716.5
2019-20,Tasmania,owner_occupier,541.7
2019-20,Northern Territory,owner_occupier,163.7
2019-20,Australian Capital Territory,owner_occupier,1008.8
2020-21,Total Australia,owner_occupier,43823.4
2020-21,New South Wales,owner_occupier,15047.5
2020-21,Victoria,owner_occupier,11582.6
2020-21,Queensland,owner_occupier,8587.3
2020-21,South Australia,owner_occupier,2521.8
2020-21,Western Australia,owner_occupier,4003.4
2020-21,Tasmania,owner_occupier,709.5
2020-21,Northern Territory,owner_occupier,229.5
2020-21,Australian Capital Territory,owner_occupier,1141.9
2020-21,Total Australia,owner_occupier,55153.1
2020-21,New South Wales,owner_occupier,18955.3
2020-21,Victoria,owner_occupier,13639
2020-21,Queensland,owner_occupier,11008.9
2020-21,South Australia,owner_occupier,2979.1
2020-21,Western Australia,owner_occupier,5932.9
2020-21,Tasmania,owner_occupier,866.5
2020-21,Northern Territory,owner_occupier,321.1
2020-21,Australian Capital Territory,owner_occupier,1450.4
2020-21,Total Australia,owner_occupier,55392
2020-21,New South Wales,owner_occupier,16503.3
2020-21,Victoria,owner_occupier,16185.1
2020-21,Queensland,owner_occupier,10838.1
2020-21,South Australia,owner_occupier,3124.6
2020-21,Western Australia,owner_occupier,6283.4
2020-21,Tasmania,owner_occupier,875.4
2020-21,Northern Territory,owner_occupier,301.2
2020-21,Australian Capital Territory,owner_occupier,1280.8
2020-21,Total Australia,owner_occupier,63857.8
2020-21,New South Wales,owner_occupier,21532
2020-21,Victoria,owner_occupier,19082.4
2020-21,Queensland,owner_occupier,11155.5
2020-21,South Australia,owner_occupier,3371.9
2020-21,Western Australia,owner_occupier,6067.5
2020-21,Tasmania,owner_occupier,821.7
2020-21,Northern Territory,owner_occupier,341.4
2020-21,Australian Capital Territory,owner_occupier,1485.4
2021-22,Total Australia,owner_occupier,61654.1
2021-22,New South Wales,owner_occupier,21413.6
2021-22,Victoria,owner_occupier,17661.5
2021-22,Queensland,owner_occupier,11342.2
2021-22,South Australia,owner_occupier,3047.5
2021-22,Western Australia,owner_occupier,5724.2
2021-22,Tasmania,owner_occupier,727.1
2021-22,Northern Territory,owner_occupier,328.9
2021-22,Australian Capital Territory,owner_occupier,1409.2
2021-22,Total Australia,owner_occupier,65042
2021-22,New South Wales,owner_occupier,22185.8
2021-22,Victoria,owner_occupier,18835.3
2021-22,Queensland,owner_occupier,12048.6
2021-22,South Australia,owner_occupier,3302.7
2021-22,Western Australia,owner_occupier,5983.9
2021-22,Tasmania,owner_occupier,814.3
2021-22,Northern Territory,owner_occupier,338.4
2021-22,Australian Capital Territory,owner_occupier,1532.9
2021-22,Total Australia,owner_occupier,55876.6
2021-22,New South Wales,owner_occupier,17771.2
2021-22,Victoria,owner_occupier,17027.5
2021-22,Queensland,owner_occupier,10079.9
2021-22,South Australia,owner_occupier,2928.4
2021-22,Western Australia,owner_occupier,5695.6
2021-22,Tasmania,owner_occupier,717.9
2021-22,Northern Territory,owner_occupier,283.6
2021-22,Australian Capital Territory,owner_occupier,1372.5
2021-22,Total Australia,owner_occupier,57964.1
2021-22,New South Wales,owner_occupier,18492.1
2021-22,Victoria,owner_occupier,17562.2
2021-22,Queensland,owner_occupier,10523.1
2021-22,South Australia,owner_occupier,3181.2
2021-22,Western Australia,owner_occupier,5561.7
2021-22,Tasmania,owner_occupier,781.2
2021-22,Northern Territory,owner_occupier,294.2
2021-22,Australian Capital Territory,owner_occupier,1568.6
2022-23,Total Australia,owner_occupier,50966.4
2022-23,New South Wales,owner_occupier,15822.9
2022-23,Victoria,owner_occupier,15152.6
2022-23,Queensland,owner_occupier,9629.7
2022-23,South Australia,owner_occupier,2811.3
2022-23,Western Australia,owner_occupier,5054.5
2022-23,Tasmania,owner_occupier,759.6
2022-23,Northern Territory,owner_occupier,316.4
2022-23,Australian Capital Territory,owner_occupier,1419.4
2022-23,Total Australia,owner_occupier,49169.2
2022-23,New South Wales,owner_occupier,15540.8
2022-23,Victoria,owner_occupier,14053.9
2022-23,Queensland,owner_occupier,9408.5
2022-23,South Australia,owner_occupier,2759.1
2022-23,Western Australia,owner_occupier,5105.9
2022-23,Tasmania,owner_occupier,729.1
2022-23,Northern Territory,owner_occupier,282.7
2022-23,Australian Capital Territory,owner_occupier,1289.3
2022-23,Total Australia,owner_occupier,39704.8
2022-23,New South Wales,owner_occupier,11830
2022-23,Victoria,owner_occupier,11107.2
2022-23,Queensland,owner_occupier,8029.4
2022-23,South Australia,owner_occupier,2412.2
2022-23,Western Australia,owner_occupier,4416.5
2022-23,Tasmania,owner_occupier,636.3
2022-23,Northern Territory,owner_occupier,240.7
2022-23,Australian Capital Territory,owner_occupier,1032.4
2022-23,Total Australia,owner_occupier,45771
2022-23,New South Wales,owner_occupier,14497.9
2022-23,Victoria,owner_occupier,12971.3
2022-23,Queensland,owner_occupier,8784.8
2022-23,South Australia,owner_occupier,2699.6
2022-23,Western Australia,owner_occupier,4776.1
2022-23,Tasmania,owner_occupier,681.3
2022-23,Northern Territory,owner_occupier,222.8
2022-23,Australian Capital Territory,owner_occupier,1137.1
2023-24,Total Australia,owner_occupier,44607.6
2023-24,New South Wales,owner_occupier,14468.1
2023-24,Victoria,owner_occupier,12791.7
2023-24,Queensland,owner_occupier,8546.6
2023-24,South Australia,owner_occupier,2483.2
2023-24,Western Australia,owner_occupier,4497.6
2023-24,Tasmania,owner_occupier,605.5
2023-24,Northern Territory,owner_occupier,209.8
2023-24,Australian Capital Territory,owner_occupier,1005.1
2023-24,Total Australia,owner_occupier,51854.9
2023-24,New South Wales,owner_occupier,16696.8
2023-24,Victoria,owner_occupier,14721.3
2023-24,Queensland,owner_occupier,9953.3
2023-24,South Australia,owner_occupier,2935.7
2023-24,Western Australia,owner_occupier,5424.3
2023-24,Tasmania,owner_occupier,670.2
2023-24,Northern Territory,owner_occupier,258.3
2023-24,Australian Capital Territory,owner_occupier,1194.9
2023-24,Total Australia,owner_occupier,43205.1
2023-24,New South Wales,owner_occupier,12910.8
2023-24,Victoria,owner_occupier,12307.2
2023-24,Queensland,owner_occupier,8711.4
2023-24,South Australia,owner_occupier,2540.4
2023-24,Western Australia,owner_occupier,4987.5
2023-24,Tasmania,owner_occupier,605.7
2023-24,Northern Territory,owner_occupier,196.1
2023-24,Australian Capital Territory,owner_occupier,946.1
2023-24,Total Australia,owner_occupier,53435.5
2023-24,New South Wales,owner_occupier,16887.2
2023-24,Victoria,owner_occupier,15159.7
2023-24,Queensland,owner_occupier,10392.5
2023-24,South Australia,owner_occupier,2934.8
2023-24,Western Australia,owner_occupier,5965.9
2023-24,Tasmania,owner_occupier,693.9
2023-24,Northern Territory,owner_occupier,225.8
2023-24,Australian Capital Territory,owner_occupier,1175.6
2024-25,Total Australia,owner_occupier,53357.8
2024-25,New South Wales,owner_occupier,16581.4
2024-25,Victoria,owner_occupier,14881.5
2024-25,Queensland,owner_occupier,11286
2024-25,South Australia,owner_occupier,2949.9
2024-25,Western Australia,owner_occupier,5644.9
2024-25,Tasmania,owner_occupier,718.3
2024-25,Northern Territory,owner_occupier,215.1
2024-25,Australian Capital Territory,owner_occupier,1080.6
2024-25,Total Australia,owner_occupier,58726
2024-25,New South Wales,owner_occupier,17891.6
2024-25,Victoria,owner_occupier,16218.9
2024-25,Queensland,owner_occupier,12323.3
2024-25,South Australia,owner_occupier,3445.8
2024-25,Western Australia,owner_occupier,6427.4
2024-25,Tasmania,owner_occupier,749
2024-25,Northern Territory,owner_occupier,294.1
2024-25,Australian Capital Territory,owner_occupier,1375.9
2024-25,Total Australia,owner_occupier,48887.9
2024-25,New South Wales,owner_occupier,14237.5
2024-25,Victoria,owner_occupier,13285.9
2024-25,Queensland,owner_occupier,10517.5
2024-25,South Australia,owner_occupier,2996.3
2024-25,Western Australia,owner_occupier,5756.5
2024-25,Tasmania,owner_occupier,741.7
2024-25,Northern Territory,owner_occupier,252.6
2024-25,Australian Capital Territory,owner_occupier,1099.9
2024-25,Total Australia,owner_occupier,57589.3
2024-25,New South Wales,owner_occupier,17201
2024-25,Victoria,owner_occupier,15985.4
2024-25,Queensland,owner_occupier,12027.6
2024-25,South Australia,owner_occupier,3418.7
2024-25,Western Australia,owner_occupier,6529.3
2024-25,Tasmania,owner_occupier,850.2
2024-25,Northern Territory,owner_occupier,286.1
2024-25,Australian Capital Territory,owner_occupier,1291
2004-05,Total Australia,investor,12684.5
2004-05,New South Wales,investor,4874.9
2004-05,Victoria,investor,2564.9
2004-05,Queensland,investor,2948.8
2004-05,South Australia,investor,772.3
2004-05,Western Australia,investor,1152.6
2004-05,Tasmania,investor,124.6
2004-05,Northern Territory,investor,50.3
2004-05,Australian Capital Territory,investor,196
2004-05,Total Australia,investor,13284.2
2004-05,New South Wales,investor,5132
2004-05,Victoria,investor,2674.3
2004-05,Queensland,investor,2908.4
2004-05,South Australia,investor,878.7
2004-05,Western Australia,investor,1287.7
2004-05,Tasmania,investor,132.7
2004-05,Northern Territory,investor,68.4
2004-05,Australian Capital Territory,investor,202.2
2004-05,Total Australia,investor,12666.7
2004-05,New South Wales,investor,4718
2004-05,Victoria,investor,2448.7
2004-05,Queensland,investor,2886.4
2004-05,South Australia,investor,781.9
2004-05,Western Australia,investor,1443.6
2004-05,Tasmania,investor,120.9
2004-05,Northern Territory,investor,79.3
2004-05,Australian Capital Territory,investor,187.8
2004-05,Total Australia,investor,13936.6
2004-05,New South Wales,investor,5213.9
2004-05,Victoria,investor,2637.2
2004-05,Queensland,investor,3131.3
2004-05,South Australia,investor,862.1
2004-05,Western Australia,investor,1683.7
2004-05,Tasmania,investor,129.7
2004-05,Northern Territory,investor,67.7
2004-05,Australian Capital Territory,investor,211
2005-06,Total Australia,investor,13050.5
2005-06,New South Wales,investor,4627.6
2005-06,Victoria,investor,2534.7
2005-06,Queensland,investor,2977.3
2005-06,South Australia,investor,752.8
2005-06,Western Australia,investor,1769
2005-06,Tasmania,investor,130.9
2005-06,Northern Territory,investor,68.1
2005-06,Australian Capital Territory,investor,190.1
2005-06,Total Australia,investor,14299.4
2005-06,New South Wales,investor,4977
2005-06,Victoria,investor,2852.6
2005-06,Queensland,investor,3133.4
2005-06,South Australia,investor,819.4
2005-06,Western Australia,investor,2062.7
2005-06,Tasmania,investor,120.4
2005-06,Northern Territory,investor,88.6
2005-06,Australian Capital Territory,investor,245.3
2005-06,Total Australia,investor,13372
2005-06,New South Wales,investor,4135.6
2005-06,Victoria,investor,2446.7
2005-06,Queensland,investor,3237.2
2005-06,South Australia,investor,766.2
2005-06,Western Australia,investor,2372.2
2005-06,Tasmania,investor,142.5
2005-06,Northern Territory,investor,81.8
2005-06,Australian Capital Territory,investor,189.8
2005-06,Total Australia,investor,16637.2
2005-06,New South Wales,investor,5175.8
2005-06,Victoria,investor,3058.7
2005-06,Queensland,investor,3929.2
2005-06,South Australia,investor,902.1
2005-06,Western Australia,investor,3095.5
2005-06,Tasmania,investor,129.7
2005-06,Northern Territory,investor,93
2005-06,Australian Capital Territory,investor,253.2
2006-07,Total Australia,investor,14529.3
2006-07,New South Wales,investor,4252
2006-07,Victoria,investor,2837.9
2006-07,Queensland,investor,3472.8
2006-07,South Australia,investor,791.9
2006-07,Western Australia,investor,2733.5
2006-07,Tasmania,investor,131.4
2006-07,Northern Territory,investor,97.3
2006-07,Australian Capital Territory,investor,212.5
2006-07,Total Australia,investor,13873.2
2006-07,New South Wales,investor,4041.6
2006-07,Victoria,investor,2742.8
2006-07,Queensland,investor,3578
2006-07,South Australia,investor,767.6
2006-07,Western Australia,investor,2294.7
2006-07,Tasmania,investor,137.8
2006-07,Northern Territory,investor,115.7
2006-07,Australian Capital Territory,investor,195.2
2006-07,Total Australia,investor,14217.8
2006-07,New South Wales,investor,3886.3
2006-07,Victoria,investor,2684.2
2006-07,Queensland,investor,4086.2
2006-07,South Australia,investor,880.4
2006-07,Western Australia,investor,2220
2006-07,Tasmania,investor,137.8
2006-07,Northern Territory,investor,112.2
2006-07,Australian Capital Territory,investor,210.7
2006-07,Total Australia,investor,19084
2006-07,New South Wales,investor,5472.2
2006-07,Victoria,investor,3733.3
2006-07,Queensland,investor,5203.5
2006-07,South Australia,investor,1157.2
2006-07,Western Australia,investor,2858
2006-07,Tasmania,investor,177
2006-07,Northern Territory,investor,137.1
2006-07,Australian Capital Territory,investor,345.6
2007-08,Total Australia,investor,17654.8
2007-08,New South Wales,investor,4726
2007-08,Victoria,investor,3795.8
2007-08,Queensland,investor,4825.7
2007-08,South Australia,investor,1179.1
2007-08,Western Australia,investor,2543.9
2007-08,Tasmania,investor,176.7
2007-08,Northern Territory,investor,120.3
2007-08,Australian Capital Territory,investor,287.3
2007-08,Total Australia,investor,17362.8
2007-08,New South Wales,investor,4422.2
2007-08,Victoria,investor,4081.6
2007-08,Queensland,investor,4829.2
2007-08,South Australia,investor,1174.8
2007-08,Western Australia,investor,2316.6
2007-08,Tasmania,investor,151.9
2007-08,Northern Territory,investor,104.7
2007-08,Australian Capital Territory,investor,281.8
2007-08,Total Australia,investor,14111.9
2007-08,New South Wales,investor,3381.5
2007-08,Victoria,investor,3470.6
2007-08,Queensland,investor,3844
2007-08,South Australia,investor,1029.2
2007-08,Western Australia,investor,1882.8
2007-08,Tasmania,investor,151.5
2007-08,Northern Territory,investor,99.6
2007-08,Australian Capital Territory,investor,252.8
2007-08,Total Australia,investor,14606.2
2007-08,New South Wales,investor,3822.9
2007-08,Victoria,investor,3612.9
2007-08,Queensland,investor,3642.8
2007-08,South Australia,investor,1029.8
2007-08,Western Australia,investor,1995.7
2007-08,Tasmania,investor,145.3
2007-08,Northern Territory,investor,94.8
2007-08,Australian Capital Territory,investor,261.9
2008-09,Total Australia,investor,12821.9
2008-09,New South Wales,investor,3548
2008-09,Victoria,investor,3311.2
2008-09,Queensland,investor,3003.7
2008-09,South Australia,investor,831.1
2008-09,Western Australia,investor,1688.4
2008-09,Tasmania,investor,136.6
2008-09,Northern Territory,investor,87.2
2008-09,Australian Capital Territory,investor,215.8
2008-09,Total Australia,investor,12791.9
2008-09,New South Wales,investor,3652.5
2008-09,Victoria,investor,3354.6
2008-09,Queensland,investor,2792.7
2008-09,South Australia,investor,899.7
2008-09,Western Australia,investor,1587.7
2008-09,Tasmania,investor,125.9
2008-09,Northern Territory,investor,117.4
2008-09,Australian Capital Territory,investor,261.3
2008-09,Total Australia,investor,11463.7
2008-09,New South Wales,investor,3237.3
2008-09,Victoria,investor,2884
2008-09,Queensland,investor,2600.1
2008-09,South Australia,investor,860.6
2008-09,Western Australia,investor,1393.9
2008-09,Tasmania,investor,137.1
2008-09,Northern Territory,investor,95.4
2008-09,Australian Capital Territory,investor,255.3
2008-09,Total Australia,investor,14991.7
2008-09,New South Wales,investor,4424.1
2008-09,Victoria,investor,3620.2
2008-09,Queensland,investor,3454
2008-09,South Australia,investor,987.2
2008-09,Western Australia,investor,1940
2008-09,Tasmania,investor,144.4
2008-09,Northern Territory,investor,107.7
2008-09,Australian Capital Territory,investor,314
2009-10,Total Australia,investor,15526.1
2009-10,New South Wales,investor,4411.2
2009-10,Victoria,investor,3866.3
2009-10,Queensland,investor,3547.1
2009-10,South Australia,investor,1010.1
2009-10,Western Australia,investor,2030.8
2009-10,Tasmania,investor,183.7
2009-10,Northern Territory,investor,144.9
2009-10,Australian Capital Territory,investor,332
2009-10,Total Australia,investor,16393.6
2009-10,New South Wales,investor,4576.6
2009-10,Victoria,investor,4137.4
2009-10,Queensland,investor,3684.5
2009-10,South Australia,investor,1086.4
2009-10,Western Australia,investor,2184.7
2009-10,Tasmania,investor,173
2009-10,Northern Territory,investor,162.9
2009-10,Australian Capital Territory,investor,388
2009-10,Total Australia,investor,14613.7
2009-10,New South Wales,investor,3952.6
2009-10,Victoria,investor,3758.5
2009-10,Queensland,investor,3404.1
2009-10,South Australia,investor,1030
2009-10,Western Australia,investor,1865.2
2009-10,Tasmania,investor,156.4
2009-10,Northern Territory,investor,121.2
2009-10,Australian Capital Territory,investor,325.8
2009-10,Total Australia,investor,17630.5
2009-10,New South Wales,investor,5290.2
2009-10,Victoria,investor,4969.9
2009-10,Queensland,investor,3502.2
2009-10,South Australia,investor,1148.8
2009-10,Western Australia,investor,2081.7
2009-10,Tasmania,investor,176.7
2009-10,Northern Territory,investor,127.1
2009-10,Australian Capital Territory,investor,334.1
2010-11,Total Australia,investor,15227.9
2010-11,New South Wales,investor,4602.6
2010-11,Victoria,investor,4537.5
2010-11,Queensland,investor,2879.4
2010-11,South Australia,investor,1049.9
2010-11,Western Australia,investor,1567
2010-11,Tasmania,investor,139.8
2010-11,Northern Territory,investor,106.9
2010-11,Australian Capital Territory,investor,344.9
2010-11,Total Australia,investor,15508.1
2010-11,New South Wales,investor,4862.4
2010-11,Victoria,investor,4453.9
2010-11,Queensland,investor,3014.8
2010-11,South Australia,investor,1021.2
2010-11,Western Australia,investor,1553.7
2010-11,Tasmania,investor,152.1
2010-11,Northern Territory,investor,101.3
2010-11,Australian Capital Territory,investor,348.6
2010-11,Total Australia,investor,12487.4
2010-11,New South Wales,investor,3913.9
2010-11,Victoria,investor,3625.2
2010-11,Queensland,investor,2243.2
2010-11,South Australia,investor,878.8
2010-11,Western Australia,investor,1347.4
2010-11,Tasmania,investor,122
2010-11,Northern Territory,investor,70.5
2010-11,Australian Capital Territory,investor,286.4
2010-11,Total Australia,investor,14909.7
2010-11,New South Wales,investor,4927.4
2010-11,Victoria,investor,4250
2010-11,Queensland,investor,2585.2
2010-11,South Australia,investor,986.6
2010-11,Western Australia,investor,1587.6
2010-11,Tasmania,investor,131.9
2010-11,Northern Territory,investor,97.6
2010-11,Australian Capital Territory,investor,343.2
2011-12,Total Australia,investor,14140.8
2011-12,New South Wales,investor,4516.9
2011-12,Victoria,investor,4043.9
2011-12,Queensland,investor,2624.3
2011-12,South Australia,investor,918.7
2011-12,Western Australia,investor,1477.3
2011-12,Tasmania,investor,144.1
2011-12,Northern Territory,investor,87.1
2011-12,Australian Capital Territory,investor,328.6
2011-12,Total Australia,investor,14406.5
2011-12,New South Wales,investor,4686.9
2011-12,Victoria,investor,3860.8
2011-12,Queensland,investor,2894.2
2011-12,South Australia,investor,880.1
2011-12,Western Australia,investor,1514.7
2011-12,Tasmania,investor,127.7
2011-12,Northern Territory,investor,93.9
2011-12,Australian Capital Territory,investor,348.1
2011-12,Total Australia,investor,13607.6
2011-12,New South Wales,investor,4136.4
2011-12,Victoria,investor,3478.7
2011-12,Queensland,investor,2999.9
2011-12,South Australia,investor,863.9
2011-12,Western Australia,investor,1586.9
2011-12,Tasmania,investor,123.5
2011-12,Northern Territory,investor,113.7
2011-12,Australian Capital Territory,investor,304.7
2011-12,Total Australia,investor,16047.7
2011-12,New South Wales,investor,5238.9
2011-12,Victoria,investor,3985.1
2011-12,Queensland,investor,3326.4
2011-12,South Australia,investor,910.3
2011-12,Western Australia,investor,1937.5
2011-12,Tasmania,investor,131.8
2011-12,Northern Territory,investor,122.8
2011-12,Australian Capital Territory,investor,394.9
2012-13,Total Australia,investor,15011.6
2012-13,New South Wales,investor,5152.8
2012-13,Victoria,investor,3731
2012-13,Queensland,investor,2846.4
2012-13,South Australia,investor,831.7
2012-13,Western Australia,investor,1803.3
2012-13,Tasmania,investor,125.1
2012-13,Northern Territory,investor,123.7
2012-13,Australian Capital Territory,investor,397.5
2012-13,Total Australia,investor,16304
2012-13,New South Wales,investor,5808.7
2012-13,Victoria,investor,4120.1
2012-13,Queensland,investor,3044.2
2012-13,South Australia,investor,880.9
2012-13,Western Australia,investor,1830
2012-13,Tasmania,investor,115.9
2012-13,Northern Territory,investor,126.8
2012-13,Australian Capital Territory,investor,377.4
2012-13,Total Australia,investor,15353.6
2012-13,New South Wales,investor,5309.2
2012-13,Victoria,investor,3808.3
2012-13,Queensland,investor,2840.7
2012-13,South Australia,investor,843.7
2012-13,Western Australia,investor,1986.1
2012-13,Tasmania,investor,124.8
2012-13,Northern Territory,investor,132.1
2012-13,Australian Capital Territory,investor,308.7
2012-13,Total Australia,investor,20302.4
2012-13,New South Wales,investor,7512.2
2012-13,Victoria,investor,4830.8
2012-13,Queensland,investor,3632.8
2012-13,South Australia,investor,1035.1
2012-13,Western Australia,investor,2596.8
2012-13,Tasmania,investor,135
2012-13,Northern Territory,investor,138.4
2012-13,Australian Capital Territory,investor,421.4
2013-14,Total Australia,investor,19787.5
2013-14,New South Wales,investor,7675.3
2013-14,Victoria,investor,4860.2
2013-14,Queensland,investor,3320.7
2013-14,South Australia,investor,1037.7
2013-14,Western Australia,investor,2150.4
2013-14,Tasmania,investor,131.6
2013-14,Northern Territory,investor,167.7
2013-14,Australian Capital Territory,investor,443.8
2013-14,Total Australia,investor,22947.7
2013-14,New South Wales,investor,9299
2013-14,Victoria,investor,5544.3
2013-14,Queensland,investor,3856.1
2013-14,South Australia,investor,1094.4
2013-14,Western Australia,investor,2435.6
2013-14,Tasmania,investor,140.3
2013-14,Northern Territory,investor,202.3
2013-14,Australian Capital Territory,investor,375.9
2013-14,Total Australia,investor,19915.6
2013-14,New South Wales,investor,7864.6
2013-14,Victoria,investor,4658.6
2013-14,Queensland,investor,3486.3
2013-14,South Australia,investor,958
2013-14,Western Australia,investor,2264
2013-14,Tasmania,investor,150.6
2013-14,Northern Territory,investor,179.5
2013-14,Australian Capital Territory,investor,353.9
2013-14,Total Australia,investor,24355.9
2013-14,New South Wales,investor,9873.1
2013-14,Victoria,investor,5899.3
2013-14,Queensland,investor,4026.7
2013-14,South Australia,investor,1096.6
2013-14,Western Australia,investor,2712.9
2013-14,Tasmania,investor,168.7
2013-14,Northern Territory,investor,202.1
2013-14,Australian Capital Territory,investor,376.4
2014-15,Total Australia,investor,24110.2
2014-15,New South Wales,investor,10149
2014-15,Victoria,investor,5661
2014-15,Queensland,investor,3968.6
2014-15,South Australia,investor,1075.1
2014-15,Western Australia,investor,2519.3
2014-15,Tasmania,investor,172.9
2014-15,Northern Territory,investor,221.6
2014-15,Australian Capital Territory,investor,342.7
2014-15,Total Australia,investor,26556.4
2014-15,New South Wales,investor,11741.4
2014-15,Victoria,investor,6318.5
2014-15,Queensland,investor,4012.3
2014-15,South Australia,investor,1178.8
2014-15,Western Australia,investor,2524.7
2014-15,Tasmania,investor,180.4
2014-15,Northern Territory,investor,205.6
2014-15,Australian Capital Territory,investor,394.7
2014-15,Total Australia,investor,23036.2
2014-15,New South Wales,investor,9895.9
2014-15,Victoria,investor,5526.5
2014-15,Queensland,investor,3725.4
2014-15,South Australia,investor,1094.1
2014-15,Western Australia,investor,2129.3
2014-15,Tasmania,investor,176.5
2014-15,Northern Territory,investor,142.9
2014-15,Australian Capital Territory,investor,345.6
2014-15,Total Australia,investor,27928.3
2014-15,New South Wales,investor,12486.4
2014-15,Victoria,investor,6810
2014-15,Queensland,investor,4317.2
2014-15,South Australia,investor,1273.3
2014-15,Western Australia,investor,2295.1
2014-15,Tasmania,investor,181.9
2014-15,Northern Territory,investor,135.1
2014-15,Australian Capital Territory,investor,429.4
2015-16,Total Australia,investor,23140.2
2015-16,New South Wales,investor,10259.5
2015-16,Victoria,investor,5525.8
2015-16,Queensland,investor,4021.9
2015-16,South Australia,investor,1027.8
2015-16,Western Australia,investor,1740.8
2015-16,Tasmania,investor,151.1
2015-16,Northern Territory,investor,91.4
2015-16,Australian Capital Territory,investor,321.9
2015-16,Total Australia,investor,19874.9
2015-16,New South Wales,investor,8611.1
2015-16,Victoria,investor,5026.5
2015-16,Queensland,investor,3476.2
2015-16,South Australia,investor,935.2
2015-16,Western Australia,investor,1310.2
2015-16,Tasmania,investor,154.2
2015-16,Northern Territory,investor,85.8
2015-16,Australian Capital Territory,investor,275.7
2015-16,Total Australia,investor,16491.7
2015-16,New South Wales,investor,6745.2
2015-16,Victoria,investor,4217
2015-16,Queensland,investor,3135.4
2015-16,South Australia,investor,864.5
2015-16,Western Australia,investor,1069.8
2015-16,Tasmania,investor,159.4
2015-16,Northern Territory,investor,65.5
2015-16,Australian Capital Territory,investor,234.9
2015-16,Total Australia,investor,21550.9
2015-16,New South Wales,investor,9635.3
2015-16,Victoria,investor,5365.3
2015-16,Queensland,investor,3676
2015-16,South Australia,investor,1038.3
2015-16,Western Australia,investor,1259
2015-16,Tasmania,investor,162.9
2015-16,Northern Territory,investor,68
2015-16,Australian Capital Territory,investor,346.2
2016-17,Total Australia,investor,22016.3
2016-17,New South Wales,investor,10389.1
2016-17,Victoria,investor,5486.1
2016-17,Queensland,investor,3563
2016-17,South Australia,investor,941.2
2016-17,Western Australia,investor,1095.6
2016-17,Tasmania,investor,155.6
2016-17,Northern Territory,investor,59.4
2016-17,Australian Capital Territory,investor,326.4
2016-17,Total Australia,investor,25675
2016-17,New South Wales,investor,12291.2
2016-17,Victoria,investor,6564
2016-17,Queensland,investor,3977
2016-17,South Australia,investor,1014.2
2016-17,Western Australia,investor,1166.8
2016-17,Tasmania,investor,182.1
2016-17,Northern Territory,investor,59.6
2016-17,Australian Capital Territory,investor,420.3
2016-17,Total Australia,investor,22364.1
2016-17,New South Wales,investor,10236.1
2016-17,Victoria,investor,5932.2
2016-17,Queensland,investor,3473.9
2016-17,South Australia,investor,935
2016-17,Western Australia,investor,1145.4
2016-17,Tasmania,investor,204.7
2016-17,Northern Territory,investor,60.2
2016-17,Australian Capital Territory,investor,376.5
2016-17,Total Australia,investor,24175.9
2016-17,New South Wales,investor,11620.5
2016-17,Victoria,investor,6558
2016-17,Queensland,investor,3323.7
2016-17,South Australia,investor,942.7
2016-17,Western Australia,investor,1070.3
2016-17,Tasmania,investor,197
2016-17,Northern Territory,investor,48.6
2016-17,Australian Capital Territory,investor,415
2017-18,Total Australia,investor,21886.1
2017-18,New South Wales,investor,10467.5
2017-18,Victoria,investor,6025.8
2017-18,Queensland,investor,2953.5
2017-18,South Australia,investor,894
2017-18,Western Australia,investor,943.2
2017-18,Tasmania,investor,190.3
2017-18,Northern Territory,investor,49.8
2017-18,Australian Capital Territory,investor,362.1
2017-18,Total Australia,investor,21522.8
2017-18,New South Wales,investor,10116.1
2017-18,Victoria,investor,6110.6
2017-18,Queensland,investor,2707.9
2017-18,South Australia,investor,896.9
2017-18,Western Australia,investor,1032.1
2017-18,Tasmania,investor,203.2
2017-18,Northern Territory,investor,54.6
2017-18,Australian Capital Territory,investor,401.5
2017-18,Total Australia,investor,16973
2017-18,New South Wales,investor,7544.5
2017-18,Victoria,investor,4916.9
2017-18,Queensland,investor,2348.7
2017-18,South Australia,investor,751.3
2017-18,Western Australia,investor,822.5
2017-18,Tasmania,investor,202.2
2017-18,Northern Territory,investor,36.3
2017-18,Australian Capital Territory,investor,350.7
2017-18,Total Australia,investor,18693.6
2017-18,New South Wales,investor,8611.1
2017-18,Victoria,investor,5238.5
2017-18,Queensland,investor,2626.9
2017-18,South Australia,investor,763
2017-18,Western Australia,investor,857.7
2017-18,Tasmania,investor,201.3
2017-18,Northern Territory,investor,39
2017-18,Australian Capital Territory,investor,356
2018-19,Total Australia,investor,16964.6
2018-19,New South Wales,investor,7671.9
2018-19,Victoria,investor,4841.8
2018-19,Queensland,investor,2440.2
2018-19,South Australia,investor,742.1
2018-19,Western Australia,investor,741.1
2018-19,Tasmania,investor,196.4
2018-19,Northern Territory,investor,35.8
2018-19,Australian Capital Territory,investor,295.2
2018-19,Total Australia,investor,16110.9
2018-19,New South Wales,investor,7201.4
2018-19,Victoria,investor,4587.2
2018-19,Queensland,investor,2293
2018-19,South Australia,investor,770.2
2018-19,Western Australia,investor,703.2
2018-19,Tasmania,investor,189
2018-19,Northern Territory,investor,34.9
2018-19,Australian Capital Territory,investor,332.1
2018-19,Total Australia,investor,12224.5
2018-19,New South Wales,investor,5199
2018-19,Victoria,investor,3522.9
2018-19,Queensland,investor,1810.9
2018-19,South Australia,investor,640.3
2018-19,Western Australia,investor,594
2018-19,Tasmania,investor,170
2018-19,Northern Territory,investor,26.2
2018-19,Australian Capital Territory,investor,261.3
2018-19,Total Australia,investor,13544.3
2018-19,New South Wales,investor,5956.7
2018-19,Victoria,investor,3826.7
2018-19,Queensland,investor,1951.5
2018-19,South Australia,investor,689.9
2018-19,Western Australia,investor,616.6
2018-19,Tasmania,investor,186
2018-19,Northern Territory,investor,27.6
2018-19,Australian Capital Territory,investor,289.3
2019-20,Total Australia,investor,14488.5
2019-20,New South Wales,investor,6179.8
2019-20,Victoria,investor,4301.4
2019-20,Queensland,investor,2157
2019-20,South Australia,investor,702.3
2019-20,Western Australia,investor,631
2019-20,Tasmania,investor,207.1
2019-20,Northern Territory,investor,28.5
2019-20,Australian Capital Territory,investor,281.4
2019-20,Total Australia,investor,15982.2
2019-20,New South Wales,investor,6751.1
2019-20,Victoria,investor,4856.2
2019-20,Queensland,investor,2379
2019-20,South Australia,investor,707
2019-20,Western Australia,investor,646.2
2019-20,Tasmania,investor,194.9
2019-20,Northern Territory,investor,46.7
2019-20,Australian Capital Territory,investor,401.2
2019-20,Total Australia,investor,13282.3
2019-20,New South Wales,investor,5290.4
2019-20,Victoria,investor,4077.6
2019-20,Queensland,investor,2149
2019-20,South Australia,investor,637.6
2019-20,Western Australia,investor,636.6
2019-20,Tasmania,investor,194.9
2019-20,Northern Territory,investor,35.8
2019-20,Australian Capital Territory,investor,260.4
2019-20,Total Australia,investor,12752.9
2019-20,New South Wales,investor,5521.1
2019-20,Victoria,investor,4033.8
2019-20,Queensland,investor,1633.3
2019-20,South Australia,investor,594.1
2019-20,Western Australia,investor,508.2
2019-20,Tasmania,investor,163.3
2019-20,Northern Territory,investor,30.4
2019-20,Australian Capital Territory,investor,268.6
2020-21,Total Australia,investor,14242.1
2020-21,New South Wales,investor,6137.7
2020-21,Victoria,investor,3947
2020-21,Queensland,investor,2150.8
2020-21,South Australia,investor,698.1
2020-21,Western Australia,investor,753.4
2020-21,Tasmania,investor,182.9
2020-21,Northern Territory,investor,29.6
2020-21,Australian Capital Territory,investor,342.5
2020-21,Total Australia,investor,16939.3
2020-21,New South Wales,investor,7682
2020-21,Victoria,investor,3932.2
2020-21,Queensland,investor,2818.6
2020-21,South Australia,investor,781.7
2020-21,Western Australia,investor,1013.4
2020-21,Tasmania,investor,227.3
2020-21,Northern Territory,investor,44.8
2020-21,Australian Capital Territory,investor,439.4
2020-21,Total Australia,investor,18108.1
2020-21,New South Wales,investor,7228.7
2020-21,Victoria,investor,4948.5
2020-21,Queensland,investor,3227.4
2020-21,South Australia,investor,816.3
2020-21,Western Australia,investor,1104.3
2020-21,Tasmania,investor,264.2
2020-21,Northern Territory,investor,52.3
2020-21,Australian Capital Territory,investor,466.4
2020-21,Total Australia,investor,25023.8
2020-21,New South Wales,investor,10279.8
2020-21,Victoria,investor,6991.1
2020-21,Queensland,investor,4310.4
2020-21,South Australia,investor,1076
2020-21,Western Australia,investor,1410.5
2020-21,Tasmania,investor,315.4
2020-21,Northern Territory,investor,75.1
2020-21,Australian Capital Territory,investor,565.5
2021-22,Total Australia,investor,27546
2021-22,New South Wales,investor,11183.6
2021-22,Victoria,investor,7260.7
2021-22,Queensland,investor,5346.9
2021-22,South Australia,investor,1177
2021-22,Western Australia,investor,1465.9
2021-22,Tasmania,investor,342.6
2021-22,Northern Territory,investor,98.9
2021-22,Australian Capital Territory,investor,670.4
2021-22,Total Australia,investor,32146.7
2021-22,New South Wales,investor,12919.7
2021-22,Victoria,investor,7992.1
2021-22,Queensland,investor,6748.8
2021-22,South Australia,investor,1537.8
2021-22,Western Australia,investor,1765
2021-22,Tasmania,investor,370.1
2021-22,Northern Territory,investor,125.2
2021-22,Australian Capital Territory,investor,688.2
2021-22,Total Australia,investor,29503.1
2021-22,New South Wales,investor,11184.2
2021-22,Victoria,investor,7760.7
2021-22,Queensland,investor,6086.9
2021-22,South Australia,investor,1445.8
2021-22,Western Australia,investor,1862.2
2021-22,Tasmania,investor,362.1
2021-22,Northern Territory,investor,84.5
2021-22,Australian Capital Territory,investor,716.6
2021-22,Total Australia,investor,30886.7
2021-22,New South Wales,investor,11477.3
2021-22,Victoria,investor,8333.2
2021-22,Queensland,investor,6159.4
2021-22,South Australia,investor,1533.2
2021-22,Western Australia,investor,2097.9
2021-22,Tasmania,investor,383
2021-22,Northern Territory,investor,96.5
2021-22,Australian Capital Territory,investor,806.2
2022-23,Total Australia,investor,25373.2
2022-23,New South Wales,investor,9233.6
2022-23,Victoria,investor,6799.4
2022-23,Queensland,investor,5091.2
2022-23,South Australia,investor,1384.9
2022-23,Western Australia,investor,1816.5
2022-23,Tasmania,investor,291.2
2022-23,Northern Territory,investor,87.8
2022-23,Australian Capital Territory,investor,668.5
2022-23,Total Australia,investor,24407.5
2022-23,New South Wales,investor,9198.9
2022-23,Victoria,investor,6326.7
2022-23,Queensland,investor,4745.5
2022-23,South Australia,investor,1287.1
2022-23,Western Australia,investor,1903.1
2022-23,Tasmania,investor,229.5
2022-23,Northern Territory,investor,89.8
2022-23,Australian Capital Territory,investor,626.9
2022-23,Total Australia,investor,20105.6
2022-23,New South Wales,investor,7627.1
2022-23,Victoria,investor,4966.3
2022-23,Queensland,investor,3922.6
2022-23,South Australia,investor,1044.4
2022-23,Western Australia,investor,1710.3
2022-23,Tasmania,investor,222.3
2022-23,Northern Territory,investor,82.8
2022-23,Australian Capital Territory,investor,529.7
2022-23,Total Australia,investor,24106.7
2022-23,New South Wales,investor,9318
2022-23,Victoria,investor,5887.2
2022-23,Queensland,investor,4601.4
2022-23,South Australia,investor,1338.3
2022-23,Western Australia,investor,2110.1
2022-23,Tasmania,investor,237.7
2022-23,Northern Territory,investor,80.7
2022-23,Australian Capital Territory,investor,533.3
2023-24,Total Australia,investor,24488.6
2023-24,New South Wales,investor,9416
2023-24,Victoria,investor,5751.8
2023-24,Queensland,investor,4959.5
2023-24,South Australia,investor,1294
2023-24,Western Australia,investor,2191.4
2023-24,Tasmania,investor,230.9
2023-24,Northern Territory,investor,104.2
2023-24,Australian Capital Territory,investor,540.9
2023-24,Total Australia,investor,28081.2
2023-24,New South Wales,investor,10866.3
2023-24,Victoria,investor,6366.8
2023-24,Queensland,investor,5738.2
2023-24,South Australia,investor,1556.7
2023-24,Western Australia,investor,2668.9
2023-24,Tasmania,investor,240.5
2023-24,Northern Territory,investor,82.1
2023-24,Australian Capital Territory,investor,561.8
2023-24,Total Australia,investor,25283.9
2023-24,New South Wales,investor,9764.8
2023-24,Victoria,investor,5281.8
2023-24,Queensland,investor,5274.3
2023-24,South Australia,investor,1415.8
2023-24,Western Australia,investor,2735.5
2023-24,Tasmania,investor,235.9
2023-24,Northern Territory,investor,84.9
2023-24,Australian Capital Territory,investor,491
2023-24,Total Australia,investor,32846.7
2023-24,New South Wales,investor,12588.7
2023-24,Victoria,investor,6926.2
2023-24,Queensland,investor,6759.3
2023-24,South Australia,investor,1883.6
2023-24,Western Australia,investor,3581.8
2023-24,Tasmania,investor,291.4
2023-24,Northern Territory,investor,104.5
2023-24,Australian Capital Territory,investor,711.3
2024-25,Total Australia,investor,33663.4
2024-25,New South Wales,investor,12649.7
2024-25,Victoria,investor,6717
2024-25,Queensland,investor,7668.6
2024-25,South Australia,investor,1975.5
2024-25,Western Australia,investor,3702.5
2024-25,Tasmania,investor,252.1
2024-25,Northern Territory,investor,116
2024-25,Australian Capital Territory,investor,582
2024-25,Total Australia,investor,34427.8
2024-25,New South Wales,investor,13332.9
2024-25,Victoria,investor,6902.1
2024-25,Queensland,investor,7549.3
2024-25,South Australia,investor,2100.4
2024-25,Western Australia,investor,3573.5
2024-25,Tasmania,investor,249.7
2024-25,Northern Territory,investor,183.6
2024-25,Australian Capital Territory,investor,536.4
2024-25,Total Australia,investor,29334
2024-25,New South Wales,investor,10911.9
2024-25,Victoria,investor,5962.5
2024-25,Queensland,investor,6604.8
2024-25,South Australia,investor,1836
2024-25,Western Australia,investor,3142.3
2024-25,Tasmania,investor,262.5
2024-25,Northern Territory,investor,187.1
2024-25,Australian Capital Territory,investor,427
2024-25,Total Australia,investor,35306.1
2024-25,New South Wales,investor,13172.1
2024-25,Victoria,investor,7491.4
2024-25,Queensland,investor,7617.3
2024-25,South Australia,investor,2205.2
2024-25,Western Australia,investor,3786.1
2024-25,Tasmania,investor,321.6
2024-25,Northern Territory,investor,225.5
2024-25,Australian Capital Territory,investor,486.9
